name;station;time;id;max(air_temperature P1M);mean(air_temperature P1M);min(air_temperature P1M)
Oslo - Blindern;SN18700;1.1937;0;7;-;-
Oslo - Blindern;SN18700;2.1937;1;2,1;-3,8;-13,5
Oslo - Blindern;SN18700;3.1937;2;6,7;-2,4;-16,9
Oslo - Blindern;SN18700;4.1937;3;20,5;6;-6,5
Oslo - Blindern;SN18700;5.1937;4;22,6;11,8;2
Oslo - Blindern;SN18700;6.1937;5;21,3;13,6;3,5
Oslo - Blindern;SN18700;7.1937;6;28,9;18,7;6,5
Oslo - Blindern;SN18700;8.1937;7;28,1;18,5;9,5
Oslo - Blindern;SN18700;9.1937;8;22;11,7;2,3
Oslo - Blindern;SN18700;10.1937;9;19;8,6;-1
Oslo - Blindern;SN18700;11.1937;10;9,5;0;-13,5
Oslo - Blindern;SN18700;12.1937;11;4,5;-5,5;-18,7
Oslo - Blindern;SN18700;1.1938;12;10,6;-3;-13,4
Oslo - Blindern;SN18700;2.1938;13;7,5;-0,6;-11,8
Oslo - Blindern;SN18700;3.1938;14;13,1;4,2;-6,8
Oslo - Blindern;SN18700;4.1938;15;17,8;5,8;-5,7
Oslo - Blindern;SN18700;5.1938;16;21,6;9,3;-1,9
Oslo - Blindern;SN18700;6.1938;17;23,7;13,2;4,2
Oslo - Blindern;SN18700;7.1938;18;27,1;16,5;7,2
Oslo - Blindern;SN18700;8.1938;19;30,5;17,5;4,1
Oslo - Blindern;SN18700;9.1938;20;20,8;13,1;-2
Oslo - Blindern;SN18700;10.1938;21;15,5;7,3;-0,2
Oslo - Blindern;SN18700;11.1938;22;11,8;3,8;-4,9
Oslo - Blindern;SN18700;12.1938;23;5,8;-1,9;-20,6
Oslo - Blindern;SN18700;1.1939;24;3,4;-3,8;-20,4
Oslo - Blindern;SN18700;2.1939;25;12,7;-0,4;-15,5
Oslo - Blindern;SN18700;3.1939;26;11,9;0,4;-16,1
Oslo - Blindern;SN18700;4.1939;27;16,4;5,3;-5,7
Oslo - Blindern;SN18700;5.1939;28;23,8;10,7;-1,4
Oslo - Blindern;SN18700;6.1939;29;29,3;15,3;4,6
Oslo - Blindern;SN18700;7.1939;30;25,6;16,1;5,5
Oslo - Blindern;SN18700;8.1939;31;27,9;17,9;8,6
Oslo - Blindern;SN18700;9.1939;32;24,6;12,8;-3,3
Oslo - Blindern;SN18700;10.1939;33;13,7;3,4;-6,2
Oslo - Blindern;SN18700;11.1939;34;9,2;2,1;-10,1
Oslo - Blindern;SN18700;12.1939;35;5,5;-5,7;-18,1
Oslo - Blindern;SN18700;1.194;36;2;-7,9;-20
Oslo - Blindern;SN18700;2.194;37;2,5;-8,7;-24,3
Oslo - Blindern;SN18700;3.194;38;5,7;-2,8;-19,1
Oslo - Blindern;SN18700;4.194;39;15,2;3,3;-9,2
Oslo - Blindern;SN18700;5.194;40;26;12,3;-1,9
Oslo - Blindern;SN18700;6.194;41;29,9;17,3;6,7
Oslo - Blindern;SN18700;7.194;42;28,8;16,3;6,4
Oslo - Blindern;SN18700;8.194;43;24,6;14,1;3,7
Oslo - Blindern;SN18700;9.194;44;18,4;10;0,6
Oslo - Blindern;SN18700;10.194;45;14;5;-7,2
Oslo - Blindern;SN18700;11.194;46;10,6;1,2;-10,5
Oslo - Blindern;SN18700;12.194;47;6,3;-4;-19,7
Oslo - Blindern;SN18700;1.1941;48;3,4;-12,9;-26
Oslo - Blindern;SN18700;2.1941;49;0,3;-7,6;-19,9
Oslo - Blindern;SN18700;3.1941;50;11,6;-1,8;-15,2
Oslo - Blindern;SN18700;4.1941;51;17,3;3,3;-9
Oslo - Blindern;SN18700;5.1941;52;26,5;9,6;-3,4
Oslo - Blindern;SN18700;6.1941;53;29,4;16;5,7
Oslo - Blindern;SN18700;7.1941;54;31,7;19,2;7,3
Oslo - Blindern;SN18700;8.1941;55;30,5;14,4;6,3
Oslo - Blindern;SN18700;9.1941;56;21,5;11,5;1,9
Oslo - Blindern;SN18700;10.1941;57;18,3;4,9;-6,5
Oslo - Blindern;SN18700;11.1941;58;6,8;0,5;-8,9
Oslo - Blindern;SN18700;12.1941;59;7,8;-4,2;-20,2
Oslo - Blindern;SN18700;1.1942;60;2,8;-12,1;-23,7
Oslo - Blindern;SN18700;2.1942;61;4,8;-8,5;-21,9
Oslo - Blindern;SN18700;3.1942;62;9,1;-5,3;-21,3
Oslo - Blindern;SN18700;4.1942;63;19,2;5,4;-14,9
Oslo - Blindern;SN18700;5.1942;64;22;9,6;-2,4
Oslo - Blindern;SN18700;6.1942;65;21,7;13;3,5
Oslo - Blindern;SN18700;7.1942;66;27,6;16,4;7
Oslo - Blindern;SN18700;8.1942;67;24,9;15,2;4,6
Oslo - Blindern;SN18700;9.1942;68;21,1;11;1,2
Oslo - Blindern;SN18700;10.1942;69;15,8;6,6;-2,3
Oslo - Blindern;SN18700;11.1942;70;11,1;1,8;-9,6
Oslo - Blindern;SN18700;12.1942;71;6,8;-1;-15,7
Oslo - Blindern;SN18700;1.1943;72;5,1;-5,5;-19,3
Oslo - Blindern;SN18700;2.1943;73;13,8;0,9;-8,2
Oslo - Blindern;SN18700;3.1943;74;12;3,5;-6,5
Oslo - Blindern;SN18700;4.1943;75;16,8;6,7;-5
Oslo - Blindern;SN18700;5.1943;76;22;11;0,5
Oslo - Blindern;SN18700;6.1943;77;27,8;15,4;6,7
Oslo - Blindern;SN18700;7.1943;78;28,8;16,9;7,6
Oslo - Blindern;SN18700;8.1943;79;25;14,3;4,5
Oslo - Blindern;SN18700;9.1943;80;21;11,4;-0,1
Oslo - Blindern;SN18700;10.1943;81;17;8,2;0,4
Oslo - Blindern;SN18700;11.1943;82;9,8;1,5;-9,3
Oslo - Blindern;SN18700;12.1943;83;4,9;-3,3;-13,1
Oslo - Blindern;SN18700;1.1944;84;9,9;-2,1;-17,6
Oslo - Blindern;SN18700;2.1944;85;8;-1,6;-15,5
Oslo - Blindern;SN18700;3.1944;86;8,9;-0,1;-8,5
Oslo - Blindern;SN18700;4.1944;87;15,9;4;-8,2
Oslo - Blindern;SN18700;5.1944;88;19,8;8,8;-1,6
Oslo - Blindern;SN18700;6.1944;89;24,7;12,7;5,2
Oslo - Blindern;SN18700;7.1944;90;30,6;17,8;8,2
Oslo - Blindern;SN18700;8.1944;91;27,8;17,2;6,2
Oslo - Blindern;SN18700;9.1944;92;18,8;11;0,1
Oslo - Blindern;SN18700;10.1944;93;20,1;7,4;-1,7
Oslo - Blindern;SN18700;11.1944;94;11,6;0,8;-11,7
Oslo - Blindern;SN18700;12.1944;95;7,8;-0,2;-10,2
Oslo - Blindern;SN18700;1.1945;96;2,3;-5,3;-16,7
Oslo - Blindern;SN18700;2.1945;97;10;-1,4;-14,2
Oslo - Blindern;SN18700;3.1945;98;15,1;2,9;-6,2
Oslo - Blindern;SN18700;4.1945;99;16,8;6,6;-3,1
Oslo - Blindern;SN18700;5.1945;100;20,8;10,2;0,5
Oslo - Blindern;SN18700;6.1945;101;29,5;14,6;4,1
Oslo - Blindern;SN18700;7.1945;102;29,9;18,7;10,6
Oslo - Blindern;SN18700;8.1945;103;30,3;18,5;6,8
Oslo - Blindern;SN18700;9.1945;104;22;11,6;1,5
Oslo - Blindern;SN18700;10.1945;105;15,8;6,7;-2,3
Oslo - Blindern;SN18700;11.1945;106;11,1;-0,4;-11,8
Oslo - Blindern;SN18700;12.1945;107;4,8;-2,1;-13,2
Oslo - Blindern;SN18700;1.1946;108;7;-4,3;-18,9
Oslo - Blindern;SN18700;2.1946;109;9,1;-3,5;-16,9
Oslo - Blindern;SN18700;3.1946;110;13,8;-0,9;-20,1
Oslo - Blindern;SN18700;4.1946;111;21,5;6,9;-3,9
Oslo - Blindern;SN18700;5.1946;112;28,4;11,8;-0,3
Oslo - Blindern;SN18700;6.1946;113;23,2;13,5;4,6
Oslo - Blindern;SN18700;7.1946;114;26;17,6;7,1
Oslo - Blindern;SN18700;8.1946;115;24,4;15,2;8,2
Oslo - Blindern;SN18700;9.1946;116;19,1;12;2,7
Oslo - Blindern;SN18700;10.1946;117;17,6;4,5;-6,5
Oslo - Blindern;SN18700;11.1946;118;9,4;2,8;-7,9
Oslo - Blindern;SN18700;12.1946;119;5;-1,2;-15,9
Oslo - Blindern;SN18700;1.1947;120;6,5;-3,7;-13,4
Oslo - Blindern;SN18700;2.1947;121;-2,9;-12,9;-21
Oslo - Blindern;SN18700;3.1947;122;7,1;-4;-20
Oslo - Blindern;SN18700;4.1947;123;17,1;4,3;-5,9
Oslo - Blindern;SN18700;5.1947;124;26,9;14,4;-0,6
Oslo - Blindern;SN18700;6.1947;125;33,7;17,1;5,3
Oslo - Blindern;SN18700;7.1947;126;29,1;18,6;7,2
Oslo - Blindern;SN18700;8.1947;127;30,9;20,5;9,2
Oslo - Blindern;SN18700;9.1947;128;24,7;14,1;-0,8
Oslo - Blindern;SN18700;10.1947;129;19,6;6,1;-4,5
Oslo - Blindern;SN18700;11.1947;130;9,3;-2,3;-15,7
Oslo - Blindern;SN18700;12.1947;131;5;-3,1;-16,8
Oslo - Blindern;SN18700;1.1948;132;4;-7;-20
Oslo - Blindern;SN18700;2.1948;133;7,2;-3,9;-14
Oslo - Blindern;SN18700;3.1948;134;15,1;1,6;-11,1
Oslo - Blindern;SN18700;4.1948;135;19,3;7;-0,7
Oslo - Blindern;SN18700;5.1948;136;26,9;11,8;0,3
Oslo - Blindern;SN18700;6.1948;137;24,8;14,4;5,5
Oslo - Blindern;SN18700;7.1948;138;30,9;17,6;6,8
Oslo - Blindern;SN18700;8.1948;139;29,9;15;6,6
Oslo - Blindern;SN18700;9.1948;140;20,2;11,8;-2
Oslo - Blindern;SN18700;10.1948;141;19,7;5;-7,1
Oslo - Blindern;SN18700;11.1948;142;8,9;0,6;-8,8
Oslo - Blindern;SN18700;12.1948;143;8,2;0,8;-10,3
Oslo - Blindern;SN18700;1.1949;144;7,9;-0,3;-12,9
Oslo - Blindern;SN18700;2.1949;145;10,6;0,5;-10,2
Oslo - Blindern;SN18700;3.1949;146;15;0;-13,2
Oslo - Blindern;SN18700;4.1949;147;16,4;6;-2,9
Oslo - Blindern;SN18700;5.1949;148;22,9;11,4;-1,6
Oslo - Blindern;SN18700;6.1949;149;27,3;14,9;5,1
Oslo - Blindern;SN18700;7.1949;150;28,8;18,3;9,4
Oslo - Blindern;SN18700;8.1949;151;23,7;15,1;4,9
Oslo - Blindern;SN18700;9.1949;152;20,9;14,2;4
Oslo - Blindern;SN18700;10.1949;153;17,3;6,8;-5,7
Oslo - Blindern;SN18700;11.1949;154;11,7;2,5;-7,7
Oslo - Blindern;SN18700;12.1949;155;5,3;-1,9;-12,5
Oslo - Blindern;SN18700;1.195;156;5;-5,4;-20
Oslo - Blindern;SN18700;2.195;157;7,5;-2,2;-12,3
Oslo - Blindern;SN18700;3.195;158;12,8;1,5;-12,8
Oslo - Blindern;SN18700;4.195;159;15,2;5,8;-1,8
Oslo - Blindern;SN18700;5.195;160;25,4;11,9;0,3
Oslo - Blindern;SN18700;6.195;161;26,7;14,5;1,8
Oslo - Blindern;SN18700;7.195;162;24,3;15,9;6,4
Oslo - Blindern;SN18700;8.195;163;25,4;16,1;7,6
Oslo - Blindern;SN18700;9.195;164;19,4;11;2,5
Oslo - Blindern;SN18700;10.195;165;14,5;6,6;-2,9
Oslo - Blindern;SN18700;11.195;166;5,5;-0,7;-10,3
Oslo - Blindern;SN18700;12.195;167;4,7;-4,3;-16,1
Oslo - Blindern;SN18700;1.1951;168;2,1;-5,2;-15
Oslo - Blindern;SN18700;2.1951;169;3,5;-2,1;-13,6
Oslo - Blindern;SN18700;3.1951;170;7,7;-3;-11,5
Oslo - Blindern;SN18700;4.1951;171;13,4;3,5;-5,3
Oslo - Blindern;SN18700;5.1951;172;23;9,6;-0,8
Oslo - Blindern;SN18700;6.1951;173;23,8;14,3;2,1
Oslo - Blindern;SN18700;7.1951;174;23,5;15,4;3,7
Oslo - Blindern;SN18700;8.1951;175;25,4;15,5;9,2
Oslo - Blindern;SN18700;9.1951;176;20;12,4;1,2
Oslo - Blindern;SN18700;10.1951;177;16,6;6,8;-2,3
Oslo - Blindern;SN18700;11.1951;178;8,1;2,6;-3,6
Oslo - Blindern;SN18700;12.1951;179;8,5;1,1;-8,8
Oslo - Blindern;SN18700;1.1952;180;6,4;-4;-15,7
Oslo - Blindern;SN18700;2.1952;181;10,5;-2,4;-12,4
Oslo - Blindern;SN18700;3.1952;182;7,7;-2,1;-13,1
Oslo - Blindern;SN18700;4.1952;183;19;6,5;-6,6
Oslo - Blindern;SN18700;5.1952;184;22,5;10,6;0,3
Oslo - Blindern;SN18700;6.1952;185;23,3;12,6;2,9
Oslo - Blindern;SN18700;7.1952;186;30,5;16,3;6,4
Oslo - Blindern;SN18700;8.1952;187;22,9;14,3;4,2
Oslo - Blindern;SN18700;9.1952;188;18,4;8,8;-0,8
Oslo - Blindern;SN18700;10.1952;189;11,5;4,2;-1,4
Oslo - Blindern;SN18700;11.1952;190;6;-1,8;-13,8
Oslo - Blindern;SN18700;12.1952;191;4,8;-3,4;-14,3
Oslo - Blindern;SN18700;1.1953;192;7;-4,7;-18,5
Oslo - Blindern;SN18700;2.1953;193;10;-5;-21,6
Oslo - Blindern;SN18700;3.1953;194;14,8;2,5;-5,8
Oslo - Blindern;SN18700;4.1953;195;17,3;5,4;-7,3
Oslo - Blindern;SN18700;5.1953;196;18,7;10,6;0,6
Oslo - Blindern;SN18700;6.1953;197;31;18;6,9
Oslo - Blindern;SN18700;7.1953;198;29,6;16,4;8,2
Oslo - Blindern;SN18700;8.1953;199;23,6;14,9;5,9
Oslo - Blindern;SN18700;9.1953;200;23,4;10,8;2,7
Oslo - Blindern;SN18700;10.1953;201;17,9;8,9;0,8
Oslo - Blindern;SN18700;11.1953;202;10,7;3,8;-3,1
Oslo - Blindern;SN18700;12.1953;203;10,8;0,6;-9,7
Oslo - Blindern;SN18700;1.1954;204;5,8;-5,7;-19,2
Oslo - Blindern;SN18700;2.1954;205;-0,8;-7,5;-19,9
Oslo - Blindern;SN18700;3.1954;206;8,2;-0,3;-7,6
Oslo - Blindern;SN18700;4.1954;207;14,2;3,9;-3,4
Oslo - Blindern;SN18700;5.1954;208;27,9;12;1,6
Oslo - Blindern;SN18700;6.1954;209;25,7;14;3,5
Oslo - Blindern;SN18700;7.1954;210;24,1;15,5;7,8
Oslo - Blindern;SN18700;8.1954;211;23,1;15,2;7,3
Oslo - Blindern;SN18700;9.1954;212;21,3;10,9;-1,8
Oslo - Blindern;SN18700;10.1954;213;13,5;5,6;-4
Oslo - Blindern;SN18700;11.1954;214;9,2;1,4;-7,5
Oslo - Blindern;SN18700;12.1954;215;7,6;0,3;-11
Oslo - Blindern;SN18700;1.1955;216;8,8;-4,4;-17,2
Oslo - Blindern;SN18700;2.1955;217;2,4;-5,9;-18
Oslo - Blindern;SN18700;3.1955;218;11,1;-1,5;-13
Oslo - Blindern;SN18700;4.1955;219;16,9;3,3;-8,1
Oslo - Blindern;SN18700;5.1955;220;23,3;8,1;-1,2
Oslo - Blindern;SN18700;6.1955;221;27,2;14;2,5
Oslo - Blindern;SN18700;7.1955;222;32,8;21,3;9
Oslo - Blindern;SN18700;8.1955;223;29;19,1;10,6
Oslo - Blindern;SN18700;9.1955;224;23,2;12,8;3,2
Oslo - Blindern;SN18700;10.1955;225;19,7;5,8;-7
Oslo - Blindern;SN18700;11.1955;226;9,2;1,3;-10,7
Oslo - Blindern;SN18700;12.1955;227;8,4;-5,1;-20
Oslo - Blindern;SN18700;1.1956;228;3,4;-6,9;-20,1
Oslo - Blindern;SN18700;2.1956;229;8,5;-7,8;-20,1
Oslo - Blindern;SN18700;3.1956;230;15,5;-1,1;-11,6
Oslo - Blindern;SN18700;4.1956;231;15,4;4,4;-7
Oslo - Blindern;SN18700;5.1956;232;25,8;11,1;0,1
Oslo - Blindern;SN18700;6.1956;233;27,4;13,8;4,7
Oslo - Blindern;SN18700;7.1956;234;26,7;16,8;7,7
Oslo - Blindern;SN18700;8.1956;235;21,6;13,2;5,9
Oslo - Blindern;SN18700;9.1956;236;20;11;2,5
Oslo - Blindern;SN18700;10.1956;237;16,4;5,9;-7,6
Oslo - Blindern;SN18700;11.1956;238;10;-1,1;-13,2
Oslo - Blindern;SN18700;12.1956;239;7,8;-0,7;-11,1
Oslo - Blindern;SN18700;1.1957;240;9;-2;-16,3
Oslo - Blindern;SN18700;2.1957;241;6,8;-2,9;-15,4
Oslo - Blindern;SN18700;3.1957;242;11;-0,7;-10,9
Oslo - Blindern;SN18700;4.1957;243;16,8;4,9;-5,2
Oslo - Blindern;SN18700;5.1957;244;20,1;9;-1,5
Oslo - Blindern;SN18700;6.1957;245;27,9;13,7;5,7
Oslo - Blindern;SN18700;7.1957;246;27,4;17,2;8,7
Oslo - Blindern;SN18700;8.1957;247;26,8;15,2;6,7
Oslo - Blindern;SN18700;9.1957;248;18,2;9,8;-0,1
Oslo - Blindern;SN18700;10.1957;249;17,5;6,3;-1,2
Oslo - Blindern;SN18700;11.1957;250;9,9;1;-8,6
Oslo - Blindern;SN18700;12.1957;251;8,2;-1,9;-13,8
Oslo - Blindern;SN18700;1.1958;252;2,9;-4,6;-14,7
Oslo - Blindern;SN18700;2.1958;253;5,8;-7,5;-21,6
Oslo - Blindern;SN18700;3.1958;254;6,7;-3,5;-13,7
Oslo - Blindern;SN18700;4.1958;255;14,5;3,1;-6,7
Oslo - Blindern;SN18700;5.1958;256;20,2;8,8;0
Oslo - Blindern;SN18700;6.1958;257;26,5;14,8;3,3
Oslo - Blindern;SN18700;7.1958;258;29;16,9;6,8
Oslo - Blindern;SN18700;8.1958;259;23;14,8;6
Oslo - Blindern;SN18700;9.1958;260;24,9;12,6;3,4
Oslo - Blindern;SN18700;10.1958;261;14,8;8,1;-1,2
Oslo - Blindern;SN18700;11.1958;262;8,3;1,9;-3,3
Oslo - Blindern;SN18700;12.1958;263;7,4;-3,7;-15,3
Oslo - Blindern;SN18700;1.1959;264;3;-6,6;-16
Oslo - Blindern;SN18700;2.1959;265;8,4;-2,9;-14,8
Oslo - Blindern;SN18700;3.1959;266;10,7;1,3;-6,8
Oslo - Blindern;SN18700;4.1959;267;17,2;5,5;-2,8
Oslo - Blindern;SN18700;5.1959;268;24,3;11,9;0,2
Oslo - Blindern;SN18700;6.1959;269;29,4;15,6;3,8
Oslo - Blindern;SN18700;7.1959;270;28,5;18,5;8,8
Oslo - Blindern;SN18700;8.1959;271;27,9;17,8;3,9
Oslo - Blindern;SN18700;9.1959;272;25,5;12,6;2
Oslo - Blindern;SN18700;10.1959;273;15,4;6,3;-1,8
Oslo - Blindern;SN18700;11.1959;274;9,4;3,1;-5,3
Oslo - Blindern;SN18700;12.1959;275;6;-1;-13,3
Oslo - Blindern;SN18700;1.196;276;5,9;-4;-14,1
Oslo - Blindern;SN18700;2.196;277;3,7;-6,5;-18,7
Oslo - Blindern;SN18700;3.196;278;9,5;1,1;-8,7
Oslo - Blindern;SN18700;4.196;279;16;5,3;-4,1
Oslo - Blindern;SN18700;5.196;280;23,6;12,3;-0,5
Oslo - Blindern;SN18700;6.196;281;30,1;16,1;6
Oslo - Blindern;SN18700;7.196;282;23,2;15;7,3
Oslo - Blindern;SN18700;8.196;283;28;14,9;4,2
Oslo - Blindern;SN18700;9.196;284;17,9;11,3;0,2
Oslo - Blindern;SN18700;10.196;285;11,5;4,2;-2,5
Oslo - Blindern;SN18700;11.196;286;7,6;0,8;-8,4
Oslo - Blindern;SN18700;12.196;287;7,7;-1,4;-12,6
Oslo - Blindern;SN18700;1.1961;288;4,8;-4,8;-18,5
Oslo - Blindern;SN18700;2.1961;289;7,1;-1,5;-17,4
Oslo - Blindern;SN18700;3.1961;290;14,6;3,2;-7
Oslo - Blindern;SN18700;4.1961;291;20,2;5,9;-8
Oslo - Blindern;SN18700;5.1961;292;22,6;10,6;1,8
Oslo - Blindern;SN18700;6.1961;293;26,7;15,6;6,3
Oslo - Blindern;SN18700;7.1961;294;25,5;16,3;10
Oslo - Blindern;SN18700;8.1961;295;22,5;14,1;4,3
Oslo - Blindern;SN18700;9.1961;296;22,5;12,5;4
Oslo - Blindern;SN18700;10.1961;297;15,3;9,7;0,2
Oslo - Blindern;SN18700;11.1961;298;11;2;-7,4
Oslo - Blindern;SN18700;12.1961;299;2;-5,5;-16,8
Oslo - Blindern;SN18700;1.1962;300;5;-2,5;-13,5
Oslo - Blindern;SN18700;2.1962;301;7,8;-1;-11,8
Oslo - Blindern;SN18700;3.1962;302;5;-4;-18,1
Oslo - Blindern;SN18700;4.1962;303;16,7;4,8;-5,2
Oslo - Blindern;SN18700;5.1962;304;16,9;8,3;1,7
Oslo - Blindern;SN18700;6.1962;305;26;13,3;1,5
Oslo - Blindern;SN18700;7.1962;306;25,3;14,7;7,3
Oslo - Blindern;SN18700;8.1962;307;22,2;13,1;5,4
Oslo - Blindern;SN18700;9.1962;308;19,4;10,4;2
Oslo - Blindern;SN18700;10.1962;309;16,2;7,1;-2,5
Oslo - Blindern;SN18700;11.1962;310;8;-0,1;-11,7
Oslo - Blindern;SN18700;12.1962;311;4,9;-6,3;-17,7
Oslo - Blindern;SN18700;1.1963;312;2,9;-8,6;-20,1
Oslo - Blindern;SN18700;2.1963;313;2,8;-8,4;-19,7
Oslo - Blindern;SN18700;3.1963;314;10,2;-3,3;-14,7
Oslo - Blindern;SN18700;4.1963;315;17,4;4;-6,9
Oslo - Blindern;SN18700;5.1963;316;25;10,7;1,9
Oslo - Blindern;SN18700;6.1963;317;28,7;16,1;8,6
Oslo - Blindern;SN18700;7.1963;318;28,8;16,2;5,7
Oslo - Blindern;SN18700;8.1963;319;24,5;15;6,6
Oslo - Blindern;SN18700;9.1963;320;22,2;11;1,5
Oslo - Blindern;SN18700;10.1963;321;15,5;7;-0,8
Oslo - Blindern;SN18700;11.1963;322;7,8;1,3;-7,7
Oslo - Blindern;SN18700;12.1963;323;6;-3,9;-15,7
Oslo - Blindern;SN18700;1.1964;324;5,7;-2,6;-11,8
Oslo - Blindern;SN18700;2.1964;325;10,7;-3,3;-14,8
Oslo - Blindern;SN18700;3.1964;326;13,4;-0,3;-9,3
Oslo - Blindern;SN18700;4.1964;327;18,3;5,8;-4,5
Oslo - Blindern;SN18700;5.1964;328;23,4;11,3;1
Oslo - Blindern;SN18700;6.1964;329;26,6;13,2;3,4
Oslo - Blindern;SN18700;7.1964;330;25,7;14,3;5,5
Oslo - Blindern;SN18700;8.1964;331;26;14,7;5,5
Oslo - Blindern;SN18700;9.1964;332;20,4;10,7;1,2
Oslo - Blindern;SN18700;10.1964;333;14,8;5,6;-3,8
Oslo - Blindern;SN18700;11.1964;334;8,2;1,2;-4,6
Oslo - Blindern;SN18700;12.1964;335;8,3;-3;-17,3
Oslo - Blindern;SN18700;1.1965;336;5,3;-2,9;-13,6
Oslo - Blindern;SN18700;2.1965;337;10,5;-2;-13
Oslo - Blindern;SN18700;3.1965;338;16,9;-0,7;-17,4
Oslo - Blindern;SN18700;4.1965;339;18,4;4,7;-3,6
Oslo - Blindern;SN18700;5.1965;340;20,2;9,2;0
Oslo - Blindern;SN18700;6.1965;341;25,6;14,2;6
Oslo - Blindern;SN18700;7.1965;342;26,5;14,3;6,5
Oslo - Blindern;SN18700;8.1965;343;23;13,9;5,6
Oslo - Blindern;SN18700;9.1965;344;21,3;11,8;3
Oslo - Blindern;SN18700;10.1965;345;16;7;-1,2
Oslo - Blindern;SN18700;11.1965;346;9,7;-2,7;-16
Oslo - Blindern;SN18700;12.1965;347;0,8;-7,2;-18,3
Oslo - Blindern;SN18700;1.1966;348;1,3;-8,2;-20,9
Oslo - Blindern;SN18700;2.1966;349;1,5;-10;-24,9
Oslo - Blindern;SN18700;3.1966;350;10,5;-0,2;-12,6
Oslo - Blindern;SN18700;4.1966;351;15,6;1,4;-9,8
Oslo - Blindern;SN18700;5.1966;352;20,8;9,6;1,4
Oslo - Blindern;SN18700;6.1966;353;30;17;4,8
Oslo - Blindern;SN18700;7.1966;354;30,5;16,8;8,7
Oslo - Blindern;SN18700;8.1966;355;24,7;14,7;6,2
Oslo - Blindern;SN18700;9.1966;356;21,1;11;-1,5
Oslo - Blindern;SN18700;10.1966;357;14,1;5,8;-3,7
Oslo - Blindern;SN18700;11.1966;358;8,9;2;-5,9
Oslo - Blindern;SN18700;12.1966;359;6,6;-2,5;-14
Oslo - Blindern;SN18700;1.1967;360;6;-7,5;-21,2
Oslo - Blindern;SN18700;2.1967;361;7;-2,8;-14,5
Oslo - Blindern;SN18700;3.1967;362;14;2,5;-5
Oslo - Blindern;SN18700;4.1967;363;17,7;4,4;-4,9
Oslo - Blindern;SN18700;5.1967;364;24,3;9,1;-0,9
Oslo - Blindern;SN18700;6.1967;365;25,9;14,5;5,6
Oslo - Blindern;SN18700;7.1967;366;24,9;16,3;7,4
Oslo - Blindern;SN18700;8.1967;367;25,1;15,9;7,7
Oslo - Blindern;SN18700;9.1967;368;21,5;12,2;4,1
Oslo - Blindern;SN18700;10.1967;369;15,2;6,9;-3,5
Oslo - Blindern;SN18700;11.1967;370;10,2;3,5;-2,6
Oslo - Blindern;SN18700;12.1967;371;12,4;-3,9;-16
Oslo - Blindern;SN18700;1.1968;372;4,3;-6,9;-20,2
Oslo - Blindern;SN18700;2.1968;373;4;-5,3;-16,5
Oslo - Blindern;SN18700;3.1968;374;11,9;0,9;-10,3
Oslo - Blindern;SN18700;4.1968;375;19,7;6,4;-6,9
Oslo - Blindern;SN18700;5.1968;376;22,8;9,1;-1,5
Oslo - Blindern;SN18700;6.1968;377;28,1;16,3;6,6
Oslo - Blindern;SN18700;7.1968;378;27;16;7,6
Oslo - Blindern;SN18700;8.1968;379;26,9;16,6;7
Oslo - Blindern;SN18700;9.1968;380;24,9;12,2;-1,9
Oslo - Blindern;SN18700;10.1968;381;14,7;5,1;-3,7
Oslo - Blindern;SN18700;11.1968;382;7;-2;-11,6
Oslo - Blindern;SN18700;12.1968;383;1,9;-4,2;-13,2
Oslo - Blindern;SN18700;1.1969;384;2,4;-3,1;-15,1
Oslo - Blindern;SN18700;2.1969;385;2,4;-7,5;-22,7
Oslo - Blindern;SN18700;3.1969;386;9;-3,1;-15,4
Oslo - Blindern;SN18700;4.1969;387;16;4,3;-3
Oslo - Blindern;SN18700;5.1969;388;21,6;10,1;0
Oslo - Blindern;SN18700;6.1969;389;29,2;17,5;3,4
Oslo - Blindern;SN18700;7.1969;390;29,6;16,9;8,1
Oslo - Blindern;SN18700;8.1969;391;29,7;18,6;8,5
Oslo - Blindern;SN18700;9.1969;392;22,2;12,1;0,9
Oslo - Blindern;SN18700;10.1969;393;21;7,5;-1,2
Oslo - Blindern;SN18700;11.1969;394;10,8;-1,4;-15,1
Oslo - Blindern;SN18700;12.1969;395;3,6;-4,4;-17,5
Oslo - Blindern;SN18700;1.197;396;-0,6;-7,6;-19,5
Oslo - Blindern;SN18700;2.197;397;0,3;-10,8;-21,4
Oslo - Blindern;SN18700;3.197;398;7,5;-1,3;-11,7
Oslo - Blindern;SN18700;4.197;399;12;2,3;-6,3
Oslo - Blindern;SN18700;5.197;400;22,8;11,7;1,5
Oslo - Blindern;SN18700;6.197;401;32,2;18,2;7,5
Oslo - Blindern;SN18700;7.197;402;26,7;14,4;7,3
Oslo - Blindern;SN18700;8.197;403;25,2;16,4;8,7
Oslo - Blindern;SN18700;9.197;404;19,9;10,7;-0,6
Oslo - Blindern;SN18700;10.197;405;13,8;6,5;-4,9
Oslo - Blindern;SN18700;11.197;406;7,6;-0,7;-13,2
Oslo - Blindern;SN18700;12.197;407;9,8;-1,3;-10,7
Oslo - Blindern;SN18700;1.1971;408;5,5;-2,4;-15,5
Oslo - Blindern;SN18700;2.1971;409;12,8;-0,5;-10,5
Oslo - Blindern;SN18700;3.1971;410;9,2;-1,9;-17,2
Oslo - Blindern;SN18700;4.1971;411;15,8;4,7;-4,4
Oslo - Blindern;SN18700;5.1971;412;25,7;11,4;-2,7
Oslo - Blindern;SN18700;6.1971;413;26,2;14,3;5,2
Oslo - Blindern;SN18700;7.1971;414;29,3;16,8;5,8
Oslo - Blindern;SN18700;8.1971;415;24,1;14,9;6,7
Oslo - Blindern;SN18700;9.1971;416;22;11,3;0,9
Oslo - Blindern;SN18700;10.1971;417;19,1;7,1;-3,4
Oslo - Blindern;SN18700;11.1971;418;13,2;-0,9;-14,6
Oslo - Blindern;SN18700;12.1971;419;10,3;0,7;-9,6
Oslo - Blindern;SN18700;1.1972;420;2,3;-6,2;-13,8
Oslo - Blindern;SN18700;2.1972;421;2,2;-2,9;-9,9
Oslo - Blindern;SN18700;3.1972;422;13,8;-0,1;-14,6
Oslo - Blindern;SN18700;4.1972;423;15;4,8;-2,4
Oslo - Blindern;SN18700;5.1972;424;21,5;11,3;2,9
Oslo - Blindern;SN18700;6.1972;425;26,7;14,4;6,9
Oslo - Blindern;SN18700;7.1972;426;29,4;18,1;8,2
Oslo - Blindern;SN18700;8.1972;427;22,7;14,8;5,2
Oslo - Blindern;SN18700;9.1972;428;21,6;10,1;-1,2
Oslo - Blindern;SN18700;10.1972;429;19,1;6,7;-2,5
Oslo - Blindern;SN18700;11.1972;430;9,8;1,5;-8,7
Oslo - Blindern;SN18700;12.1972;431;8,2;2;-6,4
Oslo - Blindern;SN18700;1.1973;432;12,5;-0,2;-7,7
Oslo - Blindern;SN18700;2.1973;433;9,8;-0,4;-9,6
Oslo - Blindern;SN18700;3.1973;434;15,3;3,2;-6,4
Oslo - Blindern;SN18700;4.1973;435;15,5;4;-5
Oslo - Blindern;SN18700;5.1973;436;24,1;10,4;0
Oslo - Blindern;SN18700;6.1973;437;27,4;15,7;2,6
Oslo - Blindern;SN18700;7.1973;438;29,4;18,3;11,9
Oslo - Blindern;SN18700;8.1973;439;25,2;14,8;3,9
Oslo - Blindern;SN18700;9.1973;440;20;10,2;1
Oslo - Blindern;SN18700;10.1973;441;19,5;3,7;-6,8
Oslo - Blindern;SN18700;11.1973;442;10,8;-0,8;-11,6
Oslo - Blindern;SN18700;12.1973;443;5,7;-2,5;-15,4
Oslo - Blindern;SN18700;1.1974;444;6,4;0,1;-6,5
Oslo - Blindern;SN18700;2.1974;445;6,8;0,2;-10
Oslo - Blindern;SN18700;3.1974;446;13,3;1,6;-6,3
Oslo - Blindern;SN18700;4.1974;447;19,5;7,6;-6
Oslo - Blindern;SN18700;5.1974;448;23,5;11,5;-0,8
Oslo - Blindern;SN18700;6.1974;449;27,2;15;4
Oslo - Blindern;SN18700;7.1974;450;23,8;15,1;7,2
Oslo - Blindern;SN18700;8.1974;451;23,3;15,3;7,3
Oslo - Blindern;SN18700;9.1974;452;23,4;11,7;4,1
Oslo - Blindern;SN18700;10.1974;453;11,4;4,9;0
Oslo - Blindern;SN18700;11.1974;454;8,5;1,6;-7,3
Oslo - Blindern;SN18700;12.1974;455;6,7;-0,5;-8,9
Oslo - Blindern;SN18700;1.1975;456;10,3;0,2;-11,2
Oslo - Blindern;SN18700;2.1975;457;5,2;-3,5;-14,9
Oslo - Blindern;SN18700;3.1975;458;8,6;0,6;-6,9
Oslo - Blindern;SN18700;4.1975;459;15,9;4,3;-4,8
Oslo - Blindern;SN18700;5.1975;460;23,6;11,3;1
Oslo - Blindern;SN18700;6.1975;461;27,8;14,4;1,4
Oslo - Blindern;SN18700;7.1975;462;27;18;9,3
Oslo - Blindern;SN18700;8.1975;463;32,5;18,5;8,4
Oslo - Blindern;SN18700;9.1975;464;22,6;12,1;2,8
Oslo - Blindern;SN18700;10.1975;465;15,3;7,3;-2,4
Oslo - Blindern;SN18700;11.1975;466;10,9;2,6;-5,6
Oslo - Blindern;SN18700;12.1975;467;12,4;0,8;-10,3
Oslo - Blindern;SN18700;1.1976;468;7,2;-4,8;-18,5
Oslo - Blindern;SN18700;2.1976;469;12,7;-2,4;-14,4
Oslo - Blindern;SN18700;3.1976;470;13,7;-1,5;-13,2
Oslo - Blindern;SN18700;4.1976;471;17,2;4,9;-2,8
Oslo - Blindern;SN18700;5.1976;472;22,9;11,4;2,5
Oslo - Blindern;SN18700;6.1976;473;27,3;15,7;7,1
Oslo - Blindern;SN18700;7.1976;474;28,8;18,2;9,2
Oslo - Blindern;SN18700;8.1976;475;29;17,9;8,7
Oslo - Blindern;SN18700;9.1976;476;19,6;9,8;1,3
Oslo - Blindern;SN18700;10.1976;477;14;5,1;-1,2
Oslo - Blindern;SN18700;11.1976;478;6,9;0,8;-8,1
Oslo - Blindern;SN18700;12.1976;479;4,3;-4,3;-17,5
Oslo - Blindern;SN18700;1.1977;480;4,4;-4,4;-18
Oslo - Blindern;SN18700;2.1977;481;2,8;-5,7;-15,2
Oslo - Blindern;SN18700;3.1977;482;7,4;0,7;-8,2
Oslo - Blindern;SN18700;4.1977;483;14,3;2,5;-8,7
Oslo - Blindern;SN18700;5.1977;484;25,2;11,2;1,2
Oslo - Blindern;SN18700;6.1977;485;30,5;15,4;4,5
Oslo - Blindern;SN18700;7.1977;486;29,2;16,4;6,3
Oslo - Blindern;SN18700;8.1977;487;25,6;15,6;6,7
Oslo - Blindern;SN18700;9.1977;488;19,4;10,4;0,4
Oslo - Blindern;SN18700;10.1977;489;16;7,3;0,7
Oslo - Blindern;SN18700;11.1977;490;11,6;1,9;-7,9
Oslo - Blindern;SN18700;12.1977;491;6,4;-2;-13,1
Oslo - Blindern;SN18700;1.1978;492;4,9;-2,3;-12,5
Oslo - Blindern;SN18700;2.1978;493;3,4;-6,9;-21,4
Oslo - Blindern;SN18700;3.1978;494;10,4;-1,3;-17,2
Oslo - Blindern;SN18700;4.1978;495;15,2;3,9;-4,8
Oslo - Blindern;SN18700;5.1978;496;27;11,4;-0,2
Oslo - Blindern;SN18700;6.1978;497;27,2;16;7,2
Oslo - Blindern;SN18700;7.1978;498;26,9;15,2;7,9
Oslo - Blindern;SN18700;8.1978;499;28,2;14,9;5,2
Oslo - Blindern;SN18700;9.1978;500;16,4;9,3;0,6
Oslo - Blindern;SN18700;10.1978;501;15,7;6,6;-1,7
Oslo - Blindern;SN18700;11.1978;502;13,4;3,9;-12,2
Oslo - Blindern;SN18700;12.1978;503;-0,5;-8;-19,6
Oslo - Blindern;SN18700;1.1979;504;3,7;-7,8;-24,3
Oslo - Blindern;SN18700;2.1979;505;6,4;-6,5;-18
Oslo - Blindern;SN18700;3.1979;506;7,1;-0,4;-18
Oslo - Blindern;SN18700;4.1979;507;14,4;3,9;-3,3
Oslo - Blindern;SN18700;5.1979;508;24,3;8,5;-0,3
Oslo - Blindern;SN18700;6.1979;509;27,8;15,8;5
Oslo - Blindern;SN18700;7.1979;510;25,1;15,5;5
Oslo - Blindern;SN18700;8.1979;511;25,1;14,1;6,4
Oslo - Blindern;SN18700;9.1979;512;18,6;10,8;0
Oslo - Blindern;SN18700;10.1979;513;13;4,8;-6
Oslo - Blindern;SN18700;11.1979;514;8,5;-0,1;-7,6
Oslo - Blindern;SN18700;12.1979;515;7,7;-3,5;-14,6
Oslo - Blindern;SN18700;1.198;516;1,9;-6,6;-20,6
Oslo - Blindern;SN18700;2.198;517;4,4;-7,5;-22,4
Oslo - Blindern;SN18700;3.198;518;7,7;-2,2;-16
Oslo - Blindern;SN18700;4.198;519;17,3;5,4;-3,7
Oslo - Blindern;SN18700;5.198;520;25,7;11,9;1,8
Oslo - Blindern;SN18700;6.198;521;29,8;15,9;6,4
Oslo - Blindern;SN18700;7.198;522;26,4;17,2;9
Oslo - Blindern;SN18700;8.198;523;25,2;15,2;7,9
Oslo - Blindern;SN18700;9.198;524;20,3;12;3,2
Oslo - Blindern;SN18700;10.198;525;14,6;4,7;-7,4
Oslo - Blindern;SN18700;11.198;526;8,5;-1,7;-13,4
Oslo - Blindern;SN18700;12.198;527;8,4;-1,2;-13,4
Oslo - Blindern;SN18700;1.1981;528;7,3;-3,9;-17,3
Oslo - Blindern;SN18700;2.1981;529;9,5;-4;-16,7
Oslo - Blindern;SN18700;3.1981;530;13,5;-2;-13,8
Oslo - Blindern;SN18700;4.1981;531;17,2;4,6;-4,3
Oslo - Blindern;SN18700;5.1981;532;24,3;12;-2,6
Oslo - Blindern;SN18700;6.1981;533;22,4;12,6;2,9
Oslo - Blindern;SN18700;7.1981;534;25,8;16,1;7,7
Oslo - Blindern;SN18700;8.1981;535;25,9;15,4;5,6
Oslo - Blindern;SN18700;9.1981;536;21,2;12,4;4,7
Oslo - Blindern;SN18700;10.1981;537;13,7;5,1;-3,3
Oslo - Blindern;SN18700;11.1981;538;9,9;0,6;-5,9
Oslo - Blindern;SN18700;12.1981;539;7,8;-8,9;-20,8
Oslo - Blindern;SN18700;1.1982;540;4,2;-8,1;-23,2
Oslo - Blindern;SN18700;2.1982;541;3,7;-3,6;-13
Oslo - Blindern;SN18700;3.1982;542;13,7;1,7;-8,2
Oslo - Blindern;SN18700;4.1982;543;16,5;5,1;-2,1
Oslo - Blindern;SN18700;5.1982;544;24,2;9,8;1,2
Oslo - Blindern;SN18700;6.1982;545;28,8;13,8;6,1
Oslo - Blindern;SN18700;7.1982;546;30,1;18,1;7,7
Oslo - Blindern;SN18700;8.1982;547;34,2;16,4;4,8
Oslo - Blindern;SN18700;9.1982;548;21,4;12,1;1,6
Oslo - Blindern;SN18700;10.1982;549;12,6;6,2;-0,6
Oslo - Blindern;SN18700;11.1982;550;11,2;2,5;-4,2
Oslo - Blindern;SN18700;12.1982;551;4,8;-1,8;-13,6
Oslo - Blindern;SN18700;1.1983;552;9,4;0,7;-10,1
Oslo - Blindern;SN18700;2.1983;553;3,3;-4;-13,8
Oslo - Blindern;SN18700;3.1983;554;10,4;1,5;-6,2
Oslo - Blindern;SN18700;4.1983;555;16,2;5,4;-1,3
Oslo - Blindern;SN18700;5.1983;556;19,4;10,5;3
Oslo - Blindern;SN18700;6.1983;557;27,9;14,2;5,5
Oslo - Blindern;SN18700;7.1983;558;29,4;17,9;6,1
Oslo - Blindern;SN18700;8.1983;559;27,5;16,7;7,2
Oslo - Blindern;SN18700;9.1983;560;21,8;11,6;-0,4
Oslo - Blindern;SN18700;10.1983;561;18,1;7,2;-3,4
Oslo - Blindern;SN18700;11.1983;562;14,4;1,3;-9,8
Oslo - Blindern;SN18700;12.1983;563;6,1;-1;-12
Oslo - Blindern;SN18700;1.1984;564;6,8;-4,8;-18,2
Oslo - Blindern;SN18700;2.1984;565;5,6;-2,7;-10,5
Oslo - Blindern;SN18700;3.1984;566;9,1;-1,2;-10,6
Oslo - Blindern;SN18700;4.1984;567;21,8;5,8;-2,6
Oslo - Blindern;SN18700;5.1984;568;24,8;12,4;1,4
Oslo - Blindern;SN18700;6.1984;569;25,2;14,5;5,9
Oslo - Blindern;SN18700;7.1984;570;25,3;16,1;7,3
Oslo - Blindern;SN18700;8.1984;571;25,7;16,2;7,4
Oslo - Blindern;SN18700;9.1984;572;18,2;10,1;2,8
Oslo - Blindern;SN18700;10.1984;573;14,4;8,1;-0,2
Oslo - Blindern;SN18700;11.1984;574;11,1;2,9;-5,4
Oslo - Blindern;SN18700;12.1984;575;7,7;0,6;-8,3
Oslo - Blindern;SN18700;1.1985;576;-0,6;-8,6;-19,4
Oslo - Blindern;SN18700;2.1985;577;3,6;-9,1;-24,9
Oslo - Blindern;SN18700;3.1985;578;7,5;-0,6;-8,9
Oslo - Blindern;SN18700;4.1985;579;12,4;2,8;-7,9
Oslo - Blindern;SN18700;5.1985;580;23,4;11,6;2
Oslo - Blindern;SN18700;6.1985;581;24,7;14;5,7
Oslo - Blindern;SN18700;7.1985;582;26,3;16,1;7,1
Oslo - Blindern;SN18700;8.1985;583;24,9;14,7;6
Oslo - Blindern;SN18700;9.1985;584;18,4;9,1;-0,5
Oslo - Blindern;SN18700;10.1985;585;18,1;7,6;-2,5
Oslo - Blindern;SN18700;11.1985;586;8,2;-1,1;-11,7
Oslo - Blindern;SN18700;12.1985;587;6,7;-6,7;-19,7
Oslo - Blindern;SN18700;1.1986;588;1,8;-6,7;-21,4
Oslo - Blindern;SN18700;2.1986;589;3,5;-7,4;-21,8
Oslo - Blindern;SN18700;3.1986;590;8,1;0,4;-11,8
Oslo - Blindern;SN18700;4.1986;591;14,9;2,7;-6,7
Oslo - Blindern;SN18700;5.1986;592;23,1;10,8;3,1
Oslo - Blindern;SN18700;6.1986;593;30,3;16,4;7,2
Oslo - Blindern;SN18700;7.1986;594;30,4;16,5;8,2
Oslo - Blindern;SN18700;8.1986;595;21,6;13,1;5,4
Oslo - Blindern;SN18700;9.1986;596;18,8;8,8;-0,9
Oslo - Blindern;SN18700;10.1986;597;16,2;6,8;-1,1
Oslo - Blindern;SN18700;11.1986;598;10,9;4,2;-2,7
Oslo - Blindern;SN18700;12.1986;599;8,8;-1,7;-15,9
Oslo - Blindern;SN18700;1.1987;600;6,3;-10,5;-23,2
Oslo - Blindern;SN18700;2.1987;601;6,7;-4,3;-15
Oslo - Blindern;SN18700;3.1987;602;9,3;-4;-20,2
Oslo - Blindern;SN18700;4.1987;603;21,4;5,3;-2,7
Oslo - Blindern;SN18700;5.1987;604;26,2;9,2;1,6
Oslo - Blindern;SN18700;6.1987;605;25;12,1;6,5
Oslo - Blindern;SN18700;7.1987;606;29,9;16,4;6,9
Oslo - Blindern;SN18700;8.1987;607;23,1;13,1;3,7
Oslo - Blindern;SN18700;9.1987;608;19,6;9,8;1,1
Oslo - Blindern;SN18700;10.1987;609;14,3;7,7;0
Oslo - Blindern;SN18700;11.1987;610;7;0,5;-9,9
Oslo - Blindern;SN18700;12.1987;611;8,4;-2,6;-14,1
Oslo - Blindern;SN18700;1.1988;612;5,8;0,6;-8,2
Oslo - Blindern;SN18700;2.1988;613;3,9;-1,3;-12,5
Oslo - Blindern;SN18700;3.1988;614;6,4;-1,3;-12
Oslo - Blindern;SN18700;4.1988;615;14,7;3,4;-5,2
Oslo - Blindern;SN18700;5.1988;616;27,7;12,1;1,2
Oslo - Blindern;SN18700;6.1988;617;32,2;18,6;8,8
Oslo - Blindern;SN18700;7.1988;618;25,5;16,2;9,5
Oslo - Blindern;SN18700;8.1988;619;25,3;15;7
Oslo - Blindern;SN18700;9.1988;620;19,8;12,2;2,4
Oslo - Blindern;SN18700;10.1988;621;12,7;5,1;-7
Oslo - Blindern;SN18700;11.1988;622;10,1;-1,1;-12,5
Oslo - Blindern;SN18700;12.1988;623;9,4;-2,7;-17,2
Oslo - Blindern;SN18700;1.1989;624;10,8;2,4;-5,7
Oslo - Blindern;SN18700;2.1989;625;11,9;2,7;-4,9
Oslo - Blindern;SN18700;3.1989;626;11,9;3,6;-4,5
Oslo - Blindern;SN18700;4.1989;627;20,8;5,2;-3,6
Oslo - Blindern;SN18700;5.1989;628;23,4;10,9;1,9
Oslo - Blindern;SN18700;6.1989;629;28,9;15,2;3,5
Oslo - Blindern;SN18700;7.1989;630;30,3;17;5,1
Oslo - Blindern;SN18700;8.1989;631;23,4;14,3;5,5
Oslo - Blindern;SN18700;9.1989;632;23,2;11,8;3
Oslo - Blindern;SN18700;10.1989;633;15,2;6,5;-2,2
Oslo - Blindern;SN18700;11.1989;634;11,3;2,6;-8,1
Oslo - Blindern;SN18700;12.1989;635;9;-2,7;-17,5
Oslo - Blindern;SN18700;1.199;636;7,7;0,8;-11,9
Oslo - Blindern;SN18700;2.199;637;11,4;3,5;-4,6
Oslo - Blindern;SN18700;3.199;638;17;4,6;-6,3
Oslo - Blindern;SN18700;4.199;639;19,5;6,5;-5
Oslo - Blindern;SN18700;5.199;640;26,2;12,3;2,3
Oslo - Blindern;SN18700;6.199;641;27;15,1;8
Oslo - Blindern;SN18700;7.199;642;29,2;16,6;7
Oslo - Blindern;SN18700;8.199;643;26;16;6
Oslo - Blindern;SN18700;9.199;644;19,6;10,3;-2
Oslo - Blindern;SN18700;10.199;645;15,7;6,3;-5,5
Oslo - Blindern;SN18700;11.199;646;9,5;0,2;-11,1
Oslo - Blindern;SN18700;12.199;647;9,9;-1;-11,4
Oslo - Blindern;SN18700;1.1991;648;4,4;-2,8;-16,5
Oslo - Blindern;SN18700;2.1991;649;8,5;-4;-15,5
Oslo - Blindern;SN18700;3.1991;650;13,7;1,8;-6,3
Oslo - Blindern;SN18700;4.1991;651;14,4;5,5;-4,5
Oslo - Blindern;SN18700;5.1991;652;24,2;10,6;0,8
Oslo - Blindern;SN18700;6.1991;653;20,6;11,6;3,5
Oslo - Blindern;SN18700;7.1991;654;31,3;18,2;10
Oslo - Blindern;SN18700;8.1991;655;26,7;16,7;7,4
Oslo - Blindern;SN18700;9.1991;656;26,4;11,6;0,1
Oslo - Blindern;SN18700;10.1991;657;13,8;6,5;-3,1
Oslo - Blindern;SN18700;11.1991;658;9,3;2,4;-9,2
Oslo - Blindern;SN18700;12.1991;659;12,6;0,1;-7,9
Oslo - Blindern;SN18700;1.1992;660;9,1;-0,5;-10,4
Oslo - Blindern;SN18700;2.1992;661;9;0,1;-10,4
Oslo - Blindern;SN18700;3.1992;662;10;2,7;-8,6
Oslo - Blindern;SN18700;4.1992;663;16,3;4,2;-4,2
Oslo - Blindern;SN18700;5.1992;664;27,7;13,1;-0,5
Oslo - Blindern;SN18700;6.1992;665;28,7;17,8;6,9
Oslo - Blindern;SN18700;7.1992;666;25,8;16,4;6,7
Oslo - Blindern;SN18700;8.1992;667;22,9;14,1;6,6
Oslo - Blindern;SN18700;9.1992;668;19,4;11,3;2,3
Oslo - Blindern;SN18700;10.1992;669;17,5;3,2;-8
Oslo - Blindern;SN18700;11.1992;670;8,1;1,1;-4,4
Oslo - Blindern;SN18700;12.1992;671;7,8;-0,8;-11,5
Oslo - Blindern;SN18700;1.1993;672;7,5;0;-14
Oslo - Blindern;SN18700;2.1993;673;11,2;-0,8;-10,5
Oslo - Blindern;SN18700;3.1993;674;12,4;1,3;-15,2
Oslo - Blindern;SN18700;4.1993;675;25,1;6,4;-4,5
Oslo - Blindern;SN18700;5.1993;676;25,5;13;2,2
Oslo - Blindern;SN18700;6.1993;677;26;13,6;3,4
Oslo - Blindern;SN18700;7.1993;678;24,6;14,7;7,6
Oslo - Blindern;SN18700;8.1993;679;20,6;13,1;4,9
Oslo - Blindern;SN18700;9.1993;680;18,7;9,1;-1
Oslo - Blindern;SN18700;10.1993;681;12,6;4,4;-5,8
Oslo - Blindern;SN18700;11.1993;682;5,6;-0,4;-11,5
Oslo - Blindern;SN18700;12.1993;683;5,7;-3,4;-15,1
Oslo - Blindern;SN18700;1.1994;684;5,3;-4,1;-14,5
Oslo - Blindern;SN18700;2.1994;685;1;-7,7;-18,8
Oslo - Blindern;SN18700;3.1994;686;11,2;0,5;-11,8
Oslo - Blindern;SN18700;4.1994;687;18,6;6,1;-3,6
Oslo - Blindern;SN18700;5.1994;688;24,3;10,9;1,4
Oslo - Blindern;SN18700;6.1994;689;27,1;13,6;5,4
Oslo - Blindern;SN18700;7.1994;690;31,2;20,3;9,1
Oslo - Blindern;SN18700;8.1994;691;29,4;16;5,1
Oslo - Blindern;SN18700;9.1994;692;20,8;10,1;-1
Oslo - Blindern;SN18700;10.1994;693;15,6;5,5;-4,7
Oslo - Blindern;SN18700;11.1994;694;9,4;1,9;-6,7
Oslo - Blindern;SN18700;12.1994;695;7,2;0,1;-8,2
Oslo - Blindern;SN18700;1.1995;696;5,3;-2,9;-16,4
Oslo - Blindern;SN18700;2.1995;697;7,2;-0,3;-13,3
Oslo - Blindern;SN18700;3.1995;698;11,6;1,2;-7,2
Oslo - Blindern;SN18700;4.1995;699;21,2;3,9;-4,7
Oslo - Blindern;SN18700;5.1995;700;22,5;9,8;-0,4
Oslo - Blindern;SN18700;6.1995;701;29,3;15,1;7,2
Oslo - Blindern;SN18700;7.1995;702;27,3;16,4;6,5
Oslo - Blindern;SN18700;8.1995;703;28,3;17,8;5
Oslo - Blindern;SN18700;9.1995;704;20;11,1;1,6
Oslo - Blindern;SN18700;10.1995;705;15,9;8,9;-1
Oslo - Blindern;SN18700;11.1995;706;8,5;-0,5;-7,5
Oslo - Blindern;SN18700;12.1995;707;3,8;-6,4;-18,3
Oslo - Blindern;SN18700;1.1996;708;1,7;-5,1;-17,9
Oslo - Blindern;SN18700;2.1996;709;5,6;-6,2;-17,8
Oslo - Blindern;SN18700;3.1996;710;8,4;-0,6;-8,1
Oslo - Blindern;SN18700;4.1996;711;15;4,9;-7,3
Oslo - Blindern;SN18700;5.1996;712;23,9;8,4;-0,1
Oslo - Blindern;SN18700;6.1996;713;23,8;14,2;6
Oslo - Blindern;SN18700;7.1996;714;27,6;15,9;7,7
Oslo - Blindern;SN18700;8.1996;715;28,4;18,4;9,1
Oslo - Blindern;SN18700;9.1996;716;21,5;10,4;1,7
Oslo - Blindern;SN18700;10.1996;717;16,3;7,7;-1,9
Oslo - Blindern;SN18700;11.1996;718;13,9;0,4;-10,5
Oslo - Blindern;SN18700;12.1996;719;6,2;-4,4;-17
Oslo - Blindern;SN18700;1.1997;720;9,7;-4;-16,9
Oslo - Blindern;SN18700;2.1997;721;8,8;-0,3;-16,5
Oslo - Blindern;SN18700;3.1997;722;16,2;2,4;-8
Oslo - Blindern;SN18700;4.1997;723;16,2;5,1;-4,2
Oslo - Blindern;SN18700;5.1997;724;21;9,3;-1
Oslo - Blindern;SN18700;6.1997;725;28,3;16,3;7,3
Oslo - Blindern;SN18700;7.1997;726;30,4;19,5;11,2
Oslo - Blindern;SN18700;8.1997;727;29,9;20,5;12,7
Oslo - Blindern;SN18700;9.1997;728;24,6;12,4;2,3
Oslo - Blindern;SN18700;10.1997;729;14,5;4,8;-5,3
Oslo - Blindern;SN18700;11.1997;730;9,6;1,5;-8,3
Oslo - Blindern;SN18700;12.1997;731;6,4;-1;-10,9
Oslo - Blindern;SN18700;1.1998;732;5,7;-1,1;-12,2
Oslo - Blindern;SN18700;2.1998;733;13,7;1,4;-12,8
Oslo - Blindern;SN18700;3.1998;734;15,9;0,8;-11,1
Oslo - Blindern;SN18700;4.1998;735;16,1;4,3;-5,1
Oslo - Blindern;SN18700;5.1998;736;24;11,6;1,3
Oslo - Blindern;SN18700;6.1998;737;23,4;13,2;5,7
Oslo - Blindern;SN18700;7.1998;738;23,9;15,4;9
Oslo - Blindern;SN18700;8.1998;739;23,2;14,4;6,2
Oslo - Blindern;SN18700;9.1998;740;21,8;12,5;5
Oslo - Blindern;SN18700;10.1998;741;12,7;5,4;-1,6
Oslo - Blindern;SN18700;11.1998;742;6;-0,7;-10,1
Oslo - Blindern;SN18700;12.1998;743;6,3;-0,6;-11,5
Oslo - Blindern;SN18700;1.1999;744;5,8;-2,2;-17,6
Oslo - Blindern;SN18700;2.1999;745;9,3;-2,3;-14,3
Oslo - Blindern;SN18700;3.1999;746;9,9;0,4;-9
Oslo - Blindern;SN18700;4.1999;747;18,8;6,7;-1,9
Oslo - Blindern;SN18700;5.1999;748;24,8;9,5;0,3
Oslo - Blindern;SN18700;6.1999;749;23,9;14;6
Oslo - Blindern;SN18700;7.1999;750;27,1;17,4;8,4
Oslo - Blindern;SN18700;8.1999;751;28,4;16,1;6
Oslo - Blindern;SN18700;9.1999;752;24,5;14,4;6,1
Oslo - Blindern;SN18700;10.1999;753;13,5;6,6;0
Oslo - Blindern;SN18700;11.1999;754;12,5;4,2;-4,9
Oslo - Blindern;SN18700;12.1999;755;8,3;-2,7;-15,2
Oslo - Blindern;SN18700;1.2;756;10,2;-0,4;-12,6
Oslo - Blindern;SN18700;2.2;757;8,9;-0,4;-10,7
Oslo - Blindern;SN18700;3.2;758;15,4;2;-7,4
Oslo - Blindern;SN18700;4.2;759;25,4;6,4;-6,1
Oslo - Blindern;SN18700;5.2;760;25,8;12,5;2,1
Oslo - Blindern;SN18700;6.2;761;25,6;13,6;3,7
Oslo - Blindern;SN18700;7.2;762;26,5;16,2;8,4
Oslo - Blindern;SN18700;8.2;763;23,5;15,4;7,1
Oslo - Blindern;SN18700;9.2;764;19,4;11,5;3,6
Oslo - Blindern;SN18700;10.2;765;17,3;9,5;2,2
Oslo - Blindern;SN18700;11.2;766;9,5;5,8;1,6
Oslo - Blindern;SN18700;12.2;767;9,2;1,2;-15,8
Oslo - Blindern;SN18700;1.2001;768;4;-2,8;-16,2
Oslo - Blindern;SN18700;2.2001;769;8,1;-5,3;-20,7
Oslo - Blindern;SN18700;3.2001;770;10,3;-1,5;-13,1
Oslo - Blindern;SN18700;4.2001;771;13,3;4,3;-5,4
Oslo - Blindern;SN18700;5.2001;772;24,4;11,9;3,2
Oslo - Blindern;SN18700;6.2001;773;27,4;14,6;4,7
Oslo - Blindern;SN18700;7.2001;774;28,9;17,8;9,6
Oslo - Blindern;SN18700;8.2001;775;26;15,9;8,3
Oslo - Blindern;SN18700;9.2001;776;19,1;11,7;2,1
Oslo - Blindern;SN18700;10.2001;777;17,4;9;-0,5
Oslo - Blindern;SN18700;11.2001;778;12,8;2,2;-4,6
Oslo - Blindern;SN18700;12.2001;779;5,4;-3,3;-17,9
Oslo - Blindern;SN18700;1.2002;780;5,1;-2,8;-16,6
Oslo - Blindern;SN18700;2.2002;781;6,7;0,7;-8,7
Oslo - Blindern;SN18700;3.2002;782;13,3;2,1;-8
Oslo - Blindern;SN18700;4.2002;783;20,5;7;-2
Oslo - Blindern;SN18700;5.2002;784;23,4;12,8;3
Oslo - Blindern;SN18700;6.2002;785;27,7;16,6;6,8
Oslo - Blindern;SN18700;7.2002;786;26,6;17,4;10,6
Oslo - Blindern;SN18700;8.2002;787;28,2;20,4;12
Oslo - Blindern;SN18700;9.2002;788;25;13,4;1,1
Oslo - Blindern;SN18700;10.2002;789;12,5;3,5;-5,2
Oslo - Blindern;SN18700;11.2002;790;6,8;-1,2;-9,4
Oslo - Blindern;SN18700;12.2002;791;1,1;-5,8;-19,7
Oslo - Blindern;SN18700;1.2003;792;7,1;-3,8;-20,1
Oslo - Blindern;SN18700;2.2003;793;5,9;-2,6;-13,6
Oslo - Blindern;SN18700;3.2003;794;13;1,7;-10,8
Oslo - Blindern;SN18700;4.2003;795;20,5;6;-4
Oslo - Blindern;SN18700;5.2003;796;22;10,1;1
Oslo - Blindern;SN18700;6.2003;797;26,5;16,3;9
Oslo - Blindern;SN18700;7.2003;798;30,3;18,9;11,3
Oslo - Blindern;SN18700;8.2003;799;28,3;17,4;7,5
Oslo - Blindern;SN18700;9.2003;800;23,1;12,5;1,1
Oslo - Blindern;SN18700;10.2003;801;14,5;4;-6,7
Oslo - Blindern;SN18700;11.2003;802;10,1;3;-5,1
Oslo - Blindern;SN18700;12.2003;803;7,7;0,4;-11,1
Oslo - Blindern;SN18700;1.2004;804;2,2;-3,8;-15,6
Oslo - Blindern;SN18700;2.2004;805;9,8;-1,4;-12,4
Oslo - Blindern;SN18700;3.2004;806;15;2,1;-11,8
Oslo - Blindern;SN18700;4.2004;807;17,1;7,5;-2,6
Oslo - Blindern;SN18700;5.2004;808;24,5;12,4;2
Oslo - Blindern;SN18700;6.2004;809;23,2;14,2;6,4
Oslo - Blindern;SN18700;7.2004;810;27,3;16;8,3
Oslo - Blindern;SN18700;8.2004;811;31,5;18;6,1
Oslo - Blindern;SN18700;9.2004;812;23,1;12,6;3,8
Oslo - Blindern;SN18700;10.2004;813;12,8;6,6;-1,8
Oslo - Blindern;SN18700;11.2004;814;11,6;1,2;-9,8
Oslo - Blindern;SN18700;12.2004;815;8,6;0,4;-9,6
Oslo - Blindern;SN18700;1.2005;816;9,6;1,7;-6,5
Oslo - Blindern;SN18700;2.2005;817;7,4;-1;-10
Oslo - Blindern;SN18700;3.2005;818;13,5;-0,8;-16,9
Oslo - Blindern;SN18700;4.2005;819;17,5;6,9;-1,5
Oslo - Blindern;SN18700;5.2005;820;19,2;9,7;0,4
Oslo - Blindern;SN18700;6.2005;821;25,6;14,6;3
Oslo - Blindern;SN18700;7.2005;822;31,4;18,7;9,4
Oslo - Blindern;SN18700;8.2005;823;25,1;15,9;5,9
Oslo - Blindern;SN18700;9.2005;824;22,4;12,6;1,4
Oslo - Blindern;SN18700;10.2005;825;17,7;7,5;-3,3
Oslo - Blindern;SN18700;11.2005;826;12,7;4,4;-7,8
Oslo - Blindern;SN18700;12.2005;827;7,8;-1,1;-8,3
Oslo - Blindern;SN18700;1.2006;828;6,9;-2,4;-11,1
Oslo - Blindern;SN18700;2.2006;829;9,7;-3,2;-15,7
Oslo - Blindern;SN18700;3.2006;830;9,4;-3,2;-15
Oslo - Blindern;SN18700;4.2006;831;13,2;4,7;-2,4
Oslo - Blindern;SN18700;5.2006;832;25,2;12;2,2
Oslo - Blindern;SN18700;6.2006;833;28,5;16,1;6,1
Oslo - Blindern;SN18700;7.2006;834;30,5;20,1;9
Oslo - Blindern;SN18700;8.2006;835;29,9;18;9,4
Oslo - Blindern;SN18700;9.2006;836;22,5;15;7,5
Oslo - Blindern;SN18700;10.2006;837;17,5;8,4;-0,2
Oslo - Blindern;SN18700;11.2006;838;13,2;4,1;-5,6
Oslo - Blindern;SN18700;12.2006;839;9,6;2,4;-5,7
Oslo - Blindern;SN18700;1.2007;840;9;-0,9;-14,3
Oslo - Blindern;SN18700;2.2007;841;7,5;-3,2;-14,5
Oslo - Blindern;SN18700;3.2007;842;16;4,2;-3,6
Oslo - Blindern;SN18700;4.2007;843;19,5;7,6;-3,1
Oslo - Blindern;SN18700;5.2007;844;20,5;10,9;2,6
Oslo - Blindern;SN18700;6.2007;845;31,3;17;5,3
Oslo - Blindern;SN18700;7.2007;846;24,3;16,1;9,9
Oslo - Blindern;SN18700;8.2007;847;27,4;16,5;4,2
Oslo - Blindern;SN18700;9.2007;848;21,9;11;1,6
Oslo - Blindern;SN18700;10.2007;849;15,4;6,9;-2,5
Oslo - Blindern;SN18700;11.2007;850;13,4;1,5;-6,2
Oslo - Blindern;SN18700;12.2007;851;7,8;-1,4;-11,6
Oslo - Blindern;SN18700;1.2008;852;7,6;0,9;-5,7
Oslo - Blindern;SN18700;2.2008;853;9,5;1,9;-8,5
Oslo - Blindern;SN18700;3.2008;854;8,9;0,9;-13,1
Oslo - Blindern;SN18700;4.2008;855;20;6,7;-0,8
Oslo - Blindern;SN18700;5.2008;856;28;12,3;0,6
Oslo - Blindern;SN18700;6.2008;857;31;15,8;6,4
Oslo - Blindern;SN18700;7.2008;858;31,6;18,3;8,4
Oslo - Blindern;SN18700;8.2008;859;27,4;15,2;8,6
Oslo - Blindern;SN18700;9.2008;860;19,2;10,8;4
Oslo - Blindern;SN18700;10.2008;861;15,7;6,8;-2,8
Oslo - Blindern;SN18700;11.2008;862;9,6;2,1;-7,4
Oslo - Blindern;SN18700;12.2008;863;7,8;-1,2;-9,9
Oslo - Blindern;SN18700;1.2009;864;7,1;-2,2;-12,2
Oslo - Blindern;SN18700;2.2009;865;5,9;-5,1;-15,8
Oslo - Blindern;SN18700;3.2009;866;10,4;1,2;-7,3
Oslo - Blindern;SN18700;4.2009;867;20,4;7,7;-1
Oslo - Blindern;SN18700;5.2009;868;26,4;12;2,6
Oslo - Blindern;SN18700;6.2009;869;31,8;15,8;4,8
Oslo - Blindern;SN18700;7.2009;870;33;17,3;10,5
Oslo - Blindern;SN18700;8.2009;871;27,7;16,1;6,6
Oslo - Blindern;SN18700;9.2009;872;23;12,9;0,1
Oslo - Blindern;SN18700;10.2009;873;14,8;4,4;-2,8
Oslo - Blindern;SN18700;11.2009;874;10;3,9;-1,1
Oslo - Blindern;SN18700;12.2009;875;5,1;-3,8;-17,5
Oslo - Blindern;SN18700;1.201;876;2,1;-8,1;-20,5
Oslo - Blindern;SN18700;2.201;877;3,8;-6,3;-17,7
Oslo - Blindern;SN18700;3.201;878;9,7;0,3;-14
Oslo - Blindern;SN18700;4.201;879;17,5;6;-2,6
Oslo - Blindern;SN18700;5.201;880;23,9;11;-1,5
Oslo - Blindern;SN18700;6.201;881;24,6;15,3;7,4
Oslo - Blindern;SN18700;7.201;882;26,2;18;9,6
Oslo - Blindern;SN18700;8.201;883;25,4;16,1;7,9
Oslo - Blindern;SN18700;9.201;884;19,6;11,3;1,4
Oslo - Blindern;SN18700;10.201;885;16,1;5,7;-5
Oslo - Blindern;SN18700;11.201;886;9,2;-2;-12,1
Oslo - Blindern;SN18700;12.201;887;0;-9,2;-19,3
Oslo - Blindern;SN18700;1.2011;888;5,1;-3,5;-12,8
Oslo - Blindern;SN18700;2.2011;889;5,7;-4,9;-18,1
Oslo - Blindern;SN18700;3.2011;890;14,9;0,6;-8,1
Oslo - Blindern;SN18700;4.2011;891;20,3;9,4;-0,8
Oslo - Blindern;SN18700;5.2011;892;23,5;11,3;0
Oslo - Blindern;SN18700;6.2011;893;27,1;15,9;8
Oslo - Blindern;SN18700;7.2011;894;28;18;9,6
Oslo - Blindern;SN18700;8.2011;895;26,5;16,1;6,7
Oslo - Blindern;SN18700;9.2011;896;21,9;12,7;3
Oslo - Blindern;SN18700;10.2011;897;16,8;7,6;-2,2
Oslo - Blindern;SN18700;11.2011;898;11,7;4,6;-4,9
Oslo - Blindern;SN18700;12.2011;899;12;0,8;-7,2
Oslo - Blindern;SN18700;1.2012;900;4,6;-2,4;-11,3
Oslo - Blindern;SN18700;2.2012;901;10,1;-2,2;-17,1
Oslo - Blindern;SN18700;3.2012;902;21,5;5,6;-3,2
Oslo - Blindern;SN18700;4.2012;903;14,9;4,9;-4,1
Oslo - Blindern;SN18700;5.2012;904;29,8;12,3;-1,3
Oslo - Blindern;SN18700;6.2012;905;23,8;13,7;4,9
Oslo - Blindern;SN18700;7.2012;906;25,1;16,4;9,5
Oslo - Blindern;SN18700;8.2012;907;26,9;16,1;7,3
Oslo - Blindern;SN18700;9.2012;908;23;11,1;1,3
Oslo - Blindern;SN18700;10.2012;909;16,2;5,2;-5
Oslo - Blindern;SN18700;11.2012;910;10,6;3,2;-4,9
Oslo - Blindern;SN18700;12.2012;911;4,7;-5,1;-14,6
Oslo - Blindern;SN18700;1.2013;912;5,5;-4,9;-17,2
Oslo - Blindern;SN18700;2.2013;913;7,9;-3,2;-13,2
Oslo - Blindern;SN18700;3.2013;914;10,1;-2,1;-14,2
Oslo - Blindern;SN18700;4.2013;915;14,6;4,3;-4,9
Oslo - Blindern;SN18700;5.2013;916;26,8;12,8;0,1
Oslo - Blindern;SN18700;6.2013;917;25,1;15;6,6
Oslo - Blindern;SN18700;7.2013;918;29;18,4;9,5
Oslo - Blindern;SN18700;8.2013;919;25,8;16,3;7,5
Oslo - Blindern;SN18700;9.2013;920;23,3;12;0,5
Oslo - Blindern;SN18700;10.2013;921;19,1;7,5;-1,5
Oslo - Blindern;SN18700;11.2013;922;13,7;2,4;-7,5
Oslo - Blindern;SN18700;12.2013;923;8,7;2;-8,9
Oslo - Blindern;SN18700;1.2014;924;7,4;-2,6;-13,5
Oslo - Blindern;SN18700;2.2014;925;7,6;1,9;-5
Oslo - Blindern;SN18700;3.2014;926;15,5;4,3;-2,8
Oslo - Blindern;SN18700;4.2014;927;22,4;7,7;-1,5
Oslo - Blindern;SN18700;5.2014;928;26,4;12;0,7
Oslo - Blindern;SN18700;6.2014;929;27,1;15,7;8,2
Oslo - Blindern;SN18700;7.2014;930;33,4;20,8;9
Oslo - Blindern;SN18700;8.2014;931;26,4;15,8;7,6
Oslo - Blindern;SN18700;9.2014;932;22,4;13,1;3,6
Oslo - Blindern;SN18700;10.2014;933;16,4;8,9;-0,4
Oslo - Blindern;SN18700;11.2014;934;12,1;4,1;-3,3
Oslo - Blindern;SN18700;12.2014;935;7;-2,2;-14,6
Oslo - Blindern;SN18700;1.2015;936;6,5;-0,3;-12,2
Oslo - Blindern;SN18700;2.2015;937;8,4;0,3;-12,8
Oslo - Blindern;SN18700;3.2015;938;13,2;3,5;-4,8
Oslo - Blindern;SN18700;4.2015;939;22,8;7,1;-2,3
Oslo - Blindern;SN18700;5.2015;940;18,8;9;0,1
Oslo - Blindern;SN18700;6.2015;941;24,4;14,2;5,1
Oslo - Blindern;SN18700;7.2015;942;27;16,2;7,8
Oslo - Blindern;SN18700;8.2015;943;25,4;16,5;8
Oslo - Blindern;SN18700;9.2015;944;21,2;12,5;3
Oslo - Blindern;SN18700;10.2015;945;16,7;7,2;-2,3
Oslo - Blindern;SN18700;11.2015;946;12,3;3,2;-7,7
Oslo - Blindern;SN18700;12.2015;947;10,4;2,1;-8,9
Oslo - Blindern;SN18700;1.2016;948;7,3;-5,5;-16,4
Oslo - Blindern;SN18700;2.2016;949;7,1;-0,7;-10,6
Oslo - Blindern;SN18700;3.2016;950;15,7;3,1;-3,6
Oslo - Blindern;SN18700;4.2016;951;14,4;5,9;-1,8
Oslo - Blindern;SN18700;5.2016;952;26,4;12,3;0,8
Oslo - Blindern;SN18700;6.2016;953;29,1;16,7;6,1
Oslo - Blindern;SN18700;7.2016;954;27,8;17,2;8,4
Oslo - Blindern;SN18700;8.2016;955;23,8;15,5;6,6
Oslo - Blindern;SN18700;9.2016;956;23,4;15;5
Oslo - Blindern;SN18700;10.2016;957;15;6,1;0
Oslo - Blindern;SN18700;11.2016;958;9,1;0,7;-8,1
Oslo - Blindern;SN18700;12.2016;959;11,5;0,9;-8,3
Oslo - Blindern;SN18700;1.2017;960;5,5;-1,4;-12,6
Oslo - Blindern;SN18700;2.2017;961;5,4;-1,5;-9,5
Oslo - Blindern;SN18700;3.2017;962;20;2,6;-5,7
Oslo - Blindern;SN18700;4.2017;963;17,6;5,2;-4,4
Oslo - Blindern;SN18700;5.2017;964;23,9;11,6;0,2
Oslo - Blindern;SN18700;6.2017;965;25,6;15,1;3,5
Oslo - Blindern;SN18700;7.2017;966;27,3;16,9;7
Oslo - Blindern;SN18700;8.2017;967;23,6;15,3;6,9
Oslo - Blindern;SN18700;9.2017;968;18,9;12,2;6,6
Oslo - Blindern;SN18700;10.2017;969;16,9;7,2;-1,3
Oslo - Blindern;SN18700;11.2017;970;10,9;1,6;-7,4
Oslo - Blindern;SN18700;12.2017;971;8,4;-1,5;-10,4
Oslo - Blindern;SN18700;1.2018;972;5,6;-1,7;-11,7
Oslo - Blindern;SN18700;2.2018;973;2;-4,1;-15,9
Oslo - Blindern;SN18700;3.2018;974;10;-2,3;-14,2
Oslo - Blindern;SN18700;4.2018;975;17,8;6,5;-6,1
Oslo - Blindern;SN18700;5.2018;976;31,1;16,1;1,5
Oslo - Blindern;SN18700;6.2018;977;31,9;17,9;6,2
Oslo - Blindern;SN18700;7.2018;978;34,6;22,2;10,6
Oslo - Blindern;SN18700;8.2018;979;28,5;16,3;5,9
Oslo - Blindern;SN18700;9.2018;980;22,2;12,5;-0,2
Oslo - Blindern;SN18700;10.2018;981;17,8;7,4;-2,2
Oslo - Blindern;SN18700;11.2018;982;11,5;3,4;-9,4
Oslo - Blindern;SN18700;12.2018;983;7,2;-1,2;-11,9
Oslo - Blindern;SN18700;1.2019;984;10,4;-2,8;-14,1
Oslo - Blindern;SN18700;2.2019;985;11,1;0,5;-12,6
Oslo - Blindern;SN18700;3.2019;986;15,5;2,3;-8,6
Oslo - Blindern;SN18700;4.2019;987;24,3;8,7;-4,5
Oslo - Blindern;SN18700;5.2019;988;24,8;10,4;-1,8
Oslo - Blindern;SN18700;6.2019;989;28;15,4;6,8
Oslo - Blindern;SN18700;7.2019;990;31,7;17,9;9,2
Oslo - Blindern;SN18700;8.2019;991;27,6;16,8;8,5
Oslo - Blindern;SN18700;9.2019;992;22,5;11,4;2,6
Oslo - Blindern;SN18700;10.2019;993;14,1;5,6;-2,9
Data er gyldig per 17.10.2019 (CC BY 4.0), Meteorologisk institutt (MET);;;;;;
